0,Mark,1,32587.8,25303.6,1.28787,EXP_025_46_04 Secondary Screen Map 1,Neg,A,1,1,1,1,1,no-odor,11/11/22 14:52
1,AR_71,1,32725.5,26047.1,1.2564,EXP_025_46_04 Secondary Screen Map 1,Neg,A,2,1,1,1,1,no-odor,11/11/22 14:52
2,AR_71,1,31410.2,24297.9,1.29272,EXP_025_46_04 Secondary Screen Map 1,Neg,A,3,1,1,1,1,no-odor,11/11/22 14:52
3,AR_74,1,11478.8,45312.7,0.253325,EXP_025_46_04 Secondary Screen Map 1,Neg,A,4,1,1,1,1,no-odor,11/11/22 14:52
4,AR_74,1,11214.2,46090.4,0.243309,EXP_025_46_04 Secondary Screen Map 1,Neg,A,5,1,1,1,1,no-odor,11/11/22 14:52
5,AR_74,1,11283.6,49803.7,0.226561,EXP_025_46_04 Secondary Screen Map 1,Neg,A,6,1,1,1,1,no-odor,11/11/22 14:52
6,AR_93,1,2847.01,57741.4,0.0493062,EXP_025_46_04 Secondary Screen Map 1,Neg,A,7,1,1,1,1,no-odor,11/11/22 14:52
7,AR_93,1,3138.68,59839.4,0.0524518,EXP_025_46_04 Secondary Screen Map 1,Neg,A,8,1,1,1,1,no-odor,11/11/22 14:52
8,AR_93,1,3018.72,59479.4,0.0507524,EXP_025_46_04 Secondary Screen Map 1,Neg,A,9,1,1,1,1,no-odor,11/11/22 14:52
9,Rho-pci,1,22053.4,129044,0.170899,EXP_025_46_04 Secondary Screen Map 1,Neg,A,10,1,1,1,1,no-odor,11/11/22 14:52
10,Rho-pci,1,21709.9,130791,0.165989,EXP_025_46_04 Secondary Screen Map 1,Neg,A,11,1,1,1,1,no-odor,11/11/22 14:52
11,Rho-pci,1,20859.5,153714,0.135703,EXP_025_46_04 Secondary Screen Map 1,Neg,A,12,1,1,1,1,no-odor,11/11/22 14:52
12,AR_71,2,31502,26443.5,1.19129,EXP_025_46_04 Secondary Screen Map 1,Neg,B,1,1,1,1,1,no-odor,11/11/22 14:52
13,AR_71,2,29005.7,24661.3,1.17616,EXP_025_46_04 Secondary Screen Map 1,Neg,B,2,1,1,1,1,no-odor,11/11/22 14:52
14,AR_71,2,25590.7,29909.1,0.855614,EXP_025_46_04 Secondary Screen Map 1,Neg,B,3,1,1,1,1,no-odor,11/11/22 14:52
15,AR_74,2,11414.2,43902.1,0.259991,EXP_025_46_04 Secondary Screen Map 1,Neg,B,4,1,1,1,1,no-odor,11/11/22 14:52
16,AR_74,2,10728.4,49307.2,0.217583,EXP_025_46_04 Secondary Screen Map 1,Neg,B,5,1,1,1,1,no-odor,11/11/22 14:52
17,AR_74,2,11665.9,43533.8,0.267973,EXP_025_46_04 Secondary Screen Map 1,Neg,B,6,1,1,1,1,no-odor,11/11/22 14:52
18,AR_93,2,3336.27,56137.6,0.0594303,EXP_025_46_04 Secondary Screen Map 1,Neg,B,7,1,1,1,1,no-odor,11/11/22 14:52
19,AR_93,2,3590.31,53649,0.0669223,EXP_025_46_04 Secondary Screen Map 1,Neg,B,8,1,1,1,1,no-odor,11/11/22 14:52
20,AR_93,2,3249.24,54483.2,0.0596374,EXP_025_46_04 Secondary Screen Map 1,Neg,B,9,1,1,1,1,no-odor,11/11/22 14:52
21,Rho-pci,2,24363.7,131081,0.185868,EXP_025_46_04 Secondary Screen Map 1,Neg,B,10,1,1,1,1,no-odor,11/11/22 14:52
22,Rho-pci,2,23994.4,122584,0.195739,EXP_025_46_04 Secondary Screen Map 1,Neg,B,11,1,1,1,1,no-odor,11/11/22 14:52
23,Rho-pci,2,23448.5,146538,0.160016,EXP_025_46_04 Secondary Screen Map 1,Neg,B,12,1,1,1,1,no-odor,11/11/22 14:52
24,AR_71,3,29436.2,25014.2,1.17678,EXP_025_46_04 Secondary Screen Map 1,Neg,C,1,1,1,1,1,no-odor,11/11/22 14:52
25,AR_71,3,26350.6,25071.9,1.051,EXP_025_46_04 Secondary Screen Map 1,Neg,C,2,1,1,1,1,no-odor,11/11/22 14:52
26,AR_71,3,28785.7,26655.3,1.07992,EXP_025_46_04 Secondary Screen Map 1,Neg,C,3,1,1,1,1,no-odor,11/11/22 14:52
27,AR_74,3,11320.1,44690.3,0.2533,EXP_025_46_04 Secondary Screen Map 1,Neg,C,4,1,1,1,1,no-odor,11/11/22 14:52
28,AR_74,3,11022.5,46861.1,0.235216,EXP_025_46_04 Secondary Screen Map 1,Neg,C,5,1,1,1,1,no-odor,11/11/22 14:52
29,AR_74,3,10876.6,44080.9,0.246743,EXP_025_46_04 Secondary Screen Map 1,Neg,C,6,1,1,1,1,no-odor,11/11/22 14:52
30,AR_93,3,3075.17,58555.7,0.0525171,EXP_025_46_04 Secondary Screen Map 1,Neg,C,7,1,1,1,1,no-odor,11/11/22 14:52
31,AR_93,3,3567.97,53160.7,0.0671167,EXP_025_46_04 Secondary Screen Map 1,Neg,C,8,1,1,1,1,no-odor,11/11/22 14:52
32,AR_93,3,3184.55,53929,0.0590508,EXP_025_46_04 Secondary Screen Map 1,Neg,C,9,1,1,1,1,no-odor,11/11/22 14:52
33,Rho-pci,3,20934.8,128927,0.162376,EXP_025_46_04 Secondary Screen Map 1,Neg,C,10,1,1,1,1,no-odor,11/11/22 14:52
34,Rho-pci,3,22335.7,127805,0.174764,EXP_025_46_04 Secondary Screen Map 1,Neg,C,11,1,1,1,1,no-odor,11/11/22 14:52
35,Rho-pci,3,20992.4,144766,0.145009,EXP_025_46_04 Secondary Screen Map 1,Neg,C,12,1,1,1,1,no-odor,11/11/22 14:52
36,AR_71,4,26650.6,26814.1,0.993902,EXP_025_46_04 Secondary Screen Map 1,Neg,D,1,1,1,1,1,no-odor,11/11/22 14:52
37,AR_71,4,27197.6,26405.9,1.02998,EXP_025_46_04 Secondary Screen Map 1,Neg,D,2,1,1,1,1,no-odor,11/11/22 14:52
38,AR_71,4,26257.7,25949.4,1.01188,EXP_025_46_04 Secondary Screen Map 1,Neg,D,3,1,1,1,1,no-odor,11/11/22 14:52
39,AR_74,4,11206,43075,0.26015,EXP_025_46_04 Secondary Screen Map 1,Neg,D,4,1,1,1,1,no-odor,11/11/22 14:52
40,AR_74,4,11627,44603.3,0.260677,EXP_025_46_04 Secondary Screen Map 1,Neg,D,5,1,1,1,1,no-odor,11/11/22 14:52
41,AR_74,4,11209.5,44475,0.25204,EXP_025_46_04 Secondary Screen Map 1,Neg,D,6,1,1,1,1,no-odor,11/11/22 14:52
42,AR_93,4,3342.15,54586.7,0.0612264,EXP_025_46_04 Secondary Screen Map 1,Neg,D,7,1,1,1,1,no-odor,11/11/22 14:52
43,AR_93,4,2886.99,51374.5,0.0561951,EXP_025_46_04 Secondary Screen Map 1,Neg,D,8,1,1,1,1,no-odor,11/11/22 14:52
44,AR_93,4,3196.31,56052.9,0.0570232,EXP_025_46_04 Secondary Screen Map 1,Neg,D,9,1,1,1,1,no-odor,11/11/22 14:52
45,Rho-pci,4,23392.1,130984,0.178587,EXP_025_46_04 Secondary Screen Map 1,Neg,D,10,1,1,1,1,no-odor,11/11/22 14:52
46,Rho-pci,4,23029.8,137880,0.167028,EXP_025_46_04 Secondary Screen Map 1,Neg,D,11,1,1,1,1,no-odor,11/11/22 14:52
47,Rho-pci,4,17253,153322,0.112528,EXP_025_46_04 Secondary Screen Map 1,Neg,D,12,1,1,1,1,no-odor,11/11/22 14:52
48,AR_71,5,35985.7,28915.7,1.2445,EXP_025_46_04 Secondary Screen Map 1,Neg,E,1,1,1,1,1,no-odor,11/11/22 14:52
49,AR_71,5,34630,26269.3,1.31827,EXP_025_46_04 Secondary Screen Map 1,Neg,E,2,1,1,1,1,no-odor,11/11/22 14:52
50,AR_71,5,34100.4,27038,1.2612,EXP_025_46_04 Secondary Screen Map 1,Neg,E,3,1,1,1,1,no-odor,11/11/22 14:52
51,AR_74,5,13213.4,43493.5,0.303802,EXP_025_46_04 Secondary Screen Map 1,Neg,E,4,1,1,1,1,no-odor,11/11/22 14:52
52,AR_74,5,12966.8,41585.7,0.311808,EXP_025_46_04 Secondary Screen Map 1,Neg,E,5,1,1,1,1,no-odor,11/11/22 14:52
53,AR_74,5,12558.1,39908.4,0.314674,EXP_025_46_04 Secondary Screen Map 1,Neg,E,6,1,1,1,1,no-odor,11/11/22 14:52
54,AR_93,5,3466.43,52646.9,0.0658431,EXP_025_46_04 Secondary Screen Map 1,Neg,E,7,1,1,1,1,no-odor,11/11/22 14:52
55,AR_93,5,4644.9,56109,0.0827836,EXP_025_46_04 Secondary Screen Map 1,Neg,E,8,1,1,1,1,no-odor,11/11/22 14:52
56,AR_93,5,4029.5,54346.7,0.0741444,EXP_025_46_04 Secondary Screen Map 1,Neg,E,9,1,1,1,1,no-odor,11/11/22 14:52
57,Rho-pci,5,26594.5,133602,0.199058,EXP_025_46_04 Secondary Screen Map 1,Neg,E,10,1,1,1,1,no-odor,11/11/22 14:52
58,Rho-pci,5,28434.8,124985,0.227506,EXP_025_46_04 Secondary Screen Map 1,Neg,E,11,1,1,1,1,no-odor,11/11/22 14:52
59,Rho-pci,5,28058.5,149530,0.187644,EXP_025_46_04 Secondary Screen Map 1,Neg,E,12,1,1,1,1,no-odor,11/11/22 14:52
60,AR_71,6,31381.6,23622.8,1.32844,EXP_025_46_04 Secondary Screen Map 1,Neg,F,1,1,1,1,1,no-odor,11/11/22 14:52
61,AR_71,6,34302.3,22961.3,1.49392,EXP_025_46_04 Secondary Screen Map 1,Neg,F,2,1,1,1,1,no-odor,11/11/22 14:52
62,AR_71,6,34575.2,24314.3,1.42201,EXP_025_46_04 Secondary Screen Map 1,Neg,F,3,1,1,1,1,no-odor,11/11/22 14:52
63,AR_74,6,12522,39372.6,0.318039,EXP_025_46_04 Secondary Screen Map 1,Neg,F,4,1,1,1,1,no-odor,11/11/22 14:52
64,AR_74,6,13065.2,41859.8,0.312117,EXP_025_46_04 Secondary Screen Map 1,Neg,F,5,1,1,1,1,no-odor,11/11/22 14:52
65,AR_74,6,12701.4,39701.6,0.319922,EXP_025_46_04 Secondary Screen Map 1,Neg,F,6,1,1,1,1,no-odor,11/11/22 14:52
66,AR_93,6,4230.07,55138.1,0.0767177,EXP_025_46_04 Secondary Screen Map 1,Neg,F,7,1,1,1,1,no-odor,11/11/22 14:52
67,AR_93,6,4099.27,53281.2,0.0769365,EXP_025_46_04 Secondary Screen Map 1,Neg,F,8,1,1,1,1,no-odor,11/11/22 14:52
68,AR_93,6,3771.64,56148.9,0.0671721,EXP_025_46_04 Secondary Screen Map 1,Neg,F,9,1,1,1,1,no-odor,11/11/22 14:52
69,Rho-pci,6,29730.6,138821,0.214165,EXP_025_46_04 Secondary Screen Map 1,Neg,F,10,1,1,1,1,no-odor,11/11/22 14:52
70,Rho-pci,6,27178.8,134412,0.202205,EXP_025_46_04 Secondary Screen Map 1,Neg,F,11,1,1,1,1,no-odor,11/11/22 14:52
71,Rho-pci,6,26484.8,149607,0.17703,EXP_025_46_04 Secondary Screen Map 1,Neg,F,12,1,1,1,1,no-odor,11/11/22 14:52
72,AR_71,7,39449.9,25850.6,1.52607,EXP_025_46_04 Secondary Screen Map 1,Neg,G,1,1,1,1,1,no-odor,11/11/22 14:52
73,AR_71,7,36226.2,26929.6,1.34522,EXP_025_46_04 Secondary Screen Map 1,Neg,G,2,1,1,1,1,no-odor,11/11/22 14:52
74,AR_71,7,37942.1,24346.7,1.5584,EXP_025_46_04 Secondary Screen Map 1,Neg,G,3,1,1,1,1,no-odor,11/11/22 14:52
75,AR_74,7,14383.3,47634.6,0.301951,EXP_025_46_04 Secondary Screen Map 1,Neg,G,4,1,1,1,1,no-odor,11/11/22 14:52
76,AR_74,7,13637,46550.4,0.292952,EXP_025_46_04 Secondary Screen Map 1,Neg,G,5,1,1,1,1,no-odor,11/11/22 14:52
77,AR_74,7,13659.5,48430.9,0.28204,EXP_025_46_04 Secondary Screen Map 1,Neg,G,6,1,1,1,1,no-odor,11/11/22 14:52
78,AR_93,7,4243.77,55474.6,0.0764993,EXP_025_46_04 Secondary Screen Map 1,Neg,G,7,1,1,1,1,no-odor,11/11/22 14:52
79,AR_93,7,3599.73,57689.3,0.0623985,EXP_025_46_04 Secondary Screen Map 1,Neg,G,8,1,1,1,1,no-odor,11/11/22 14:52
80,AR_93,7,3293.28,55563.1,0.0592709,EXP_025_46_04 Secondary Screen Map 1,Neg,G,9,1,1,1,1,no-odor,11/11/22 14:52
81,Rho-pci,7,27288.5,142409,0.191621,EXP_025_46_04 Secondary Screen Map 1,Neg,G,10,1,1,1,1,no-odor,11/11/22 14:52
82,Rho-pci,7,27598.7,141972,0.194395,EXP_025_46_04 Secondary Screen Map 1,Neg,G,11,1,1,1,1,no-odor,11/11/22 14:52
83,Rho-pci,7,27759.4,149061,0.186228,EXP_025_46_04 Secondary Screen Map 1,Neg,G,12,1,1,1,1,no-odor,11/11/22 14:52
84,AR_71,8,44666.2,26346.5,1.69534,EXP_025_46_04 Secondary Screen Map 1,Neg,H,1,1,1,1,1,no-odor,11/11/22 14:52
85,AR_71,8,38932.7,22825.4,1.70567,EXP_025_46_04 Secondary Screen Map 1,Neg,H,2,1,1,1,1,no-odor,11/11/22 14:52
86,AR_71,8,40826.8,23858.3,1.71122,EXP_025_46_04 Secondary Screen Map 1,Neg,H,3,1,1,1,1,no-odor,11/11/22 14:52
87,AR_74,8,13584.7,44448.1,0.305631,EXP_025_46_04 Secondary Screen Map 1,Neg,H,4,1,1,1,1,no-odor,11/11/22 14:52
88,AR_74,8,13014.1,45291.7,0.28734,EXP_025_46_04 Secondary Screen Map 1,Neg,H,5,1,1,1,1,no-odor,11/11/22 14:52
89,AR_74,8,11531.6,36962.6,0.311979,EXP_025_46_04 Secondary Screen Map 1,Neg,H,6,1,1,1,1,no-odor,11/11/22 14:52
90,AR_93,8,3223.51,51563.9,0.062515,EXP_025_46_04 Secondary Screen Map 1,Neg,H,7,1,1,1,1,no-odor,11/11/22 14:52
91,AR_93,8,3503.8,51693.5,0.0677804,EXP_025_46_04 Secondary Screen Map 1,Neg,H,8,1,1,1,1,no-odor,11/11/22 14:52
92,AR_93,8,3673.22,52811.4,0.0695537,EXP_025_46_04 Secondary Screen Map 1,Neg,H,9,1,1,1,1,no-odor,11/11/22 14:52
93,Rho-pci,8,22744.5,135295,0.16811,EXP_025_46_04 Secondary Screen Map 1,Neg,H,10,1,1,1,1,no-odor,11/11/22 14:52
94,Rho-pci,8,25508,126907,0.200997,EXP_025_46_04 Secondary Screen Map 1,Neg,H,11,1,1,1,1,no-odor,11/11/22 14:52
95,Rho-pci,8,24076.4,138475,0.173868,EXP_025_46_04 Secondary Screen Map 1,Neg,H,12,1,1,1,1,no-odor,11/11/22 14:52
96,AR_71,1,30623.2,32307.8,0.947857,EXP_025_46_04 Secondary Screen Map 1,sPREP405,A,1,0.276806,-0.0602867,-0.340014,0.735987,sample,11/11/22 14:52
97,AR_71,1,25745.9,30518.5,0.843617,EXP_025_46_04 Secondary Screen Map 1,sPREP405,A,2,0.171667,-0.213275,-0.412779,0.671458,sample,11/11/22 14:52
98,AR_71,1,23252.1,30604.4,0.759764,EXP_025_46_04 Secondary Screen Map 1,sPREP405,A,3,0.259551,-0.259728,-0.532952,0.587727,sample,11/11/22 14:52
99,AR_74,1,8790.07,61633.9,0.142617,EXP_025_46_04 Secondary Screen Map 1,sPREP405,A,4,0.36019,-0.234237,-0.110707,0.562982,sample,11/11/22 14:52
100,AR_74,1,8704.21,57422.5,0.151582,EXP_025_46_04 Secondary Screen Map 1,sPREP405,A,5,0.245866,-0.223822,-0.0917267,0.623003,sample,11/11/22 14:52
101,AR_74,1,9044.13,59577,0.151806,EXP_025_46_04 Secondary Screen Map 1,sPREP405,A,6,0.196236,-0.198471,-0.0747556,0.670042,sample,11/11/22 14:52
102,AR_93,1,2351.86,72022.6,0.0326545,EXP_025_46_04 Secondary Screen Map 1,sPREP405,A,7,0.24733,-0.173917,-0.0166516,0.662281,sample,11/11/22 14:52
103,AR_93,1,3176.32,75845,0.0418791,EXP_025_46_04 Secondary Screen Map 1,sPREP405,A,8,0.267475,0.0119909,-0.0105727,0.798431,sample,11/11/22 14:52
104,AR_93,1,2480.06,73496,0.0337442,EXP_025_46_04 Secondary Screen Map 1,sPREP405,A,9,0.235655,-0.17844,-0.0170082,0.664878,sample,11/11/22 14:52
105,Rho-pci,1,18001.1,177626,0.101343,EXP_025_46_04 Secondary Screen Map 1,sPREP405,A,10,0.376474,-0.183751,-0.0695557,0.593,sample,11/11/22 14:52
106,Rho-pci,1,17871.7,179217,0.099721,EXP_025_46_04 Secondary Screen Map 1,sPREP405,A,11,0.370252,-0.176796,-0.0662682,0.600768,sample,11/11/22 14:52
107,Rho-pci,1,17289.4,188382,0.0917787,EXP_025_46_04 Secondary Screen Map 1,sPREP405,A,12,0.225537,-0.171146,-0.0439246,0.676319,sample,11/11/22 14:52
108,AR_71,2,28339.8,31787.9,0.89153,EXP_025_46_04 Secondary Screen Map 1,sPREP405,B,1,0.202104,-0.10038,-0.299763,0.748372,sample,11/11/22 14:52
109,AR_71,2,25233,31380.8,0.804092,EXP_025_46_04 Secondary Screen Map 1,sPREP405,B,2,0.27247,-0.130065,-0.372067,0.683659,sample,11/11/22 14:52
110,AR_71,2,23874.4,31300.8,0.76274,EXP_025_46_04 Secondary Screen Map 1,sPREP405,B,3,0.0465305,-0.0670668,-0.0928739,0.891453,sample,11/11/22 14:52
111,AR_74,2,9022.96,57267.2,0.157559,EXP_025_46_04 Secondary Screen Map 1,sPREP405,B,4,0.304431,-0.209494,-0.102432,0.606016,sample,11/11/22 14:52
112,AR_74,2,9282.89,59918.3,0.154926,EXP_025_46_04 Secondary Screen Map 1,sPREP405,B,5,0.215203,-0.134739,-0.0626575,0.71203,sample,11/11/22 14:52
113,AR_74,2,9375.81,60258.4,0.155594,EXP_025_46_04 Secondary Screen Map 1,sPREP405,B,6,0.384174,-0.196304,-0.112379,0.580632,sample,11/11/22 14:52
114,AR_93,2,2575.32,76699.4,0.0335769,EXP_025_46_04 Secondary Screen Map 1,sPREP405,B,7,0.366275,-0.228083,-0.0258534,0.564979,sample,11/11/22 14:52
115,AR_93,2,2689.41,76593.5,0.0351127,EXP_025_46_04 Secondary Screen Map 1,sPREP405,B,8,0.427679,-0.250927,-0.0318096,0.524679,sample,11/11/22 14:52
116,AR_93,2,2770.56,77327.9,0.0358287,EXP_025_46_04 Secondary Screen Map 1,sPREP405,B,9,0.419297,-0.147321,-0.0238087,0.600776,sample,11/11/22 14:52
117,Rho-pci,2,17865.8,179476,0.0995442,EXP_025_46_04 Secondary Screen Map 1,sPREP405,B,10,0.369201,-0.266704,-0.0863236,0.535565,sample,11/11/22 14:52
118,Rho-pci,2,18517.5,177625,0.104251,EXP_025_46_04 Secondary Screen Map 1,sPREP405,B,11,0.449007,-0.228257,-0.091488,0.532601,sample,11/11/22 14:52
119,Rho-pci,2,15394.5,165336,0.0931105,EXP_025_46_04 Secondary Screen Map 1,sPREP405,B,12,0.128276,-0.343477,-0.0669059,0.581881,sample,11/11/22 14:52
120,AR_71,3,28803.3,31710.2,0.90833,EXP_025_46_04 Secondary Screen Map 1,sPREP405,C,1,0.267686,-0.0215006,-0.268448,0.771878,sample,11/11/22 14:52
121,AR_71,3,22509.8,29295.1,0.768384,EXP_025_46_04 Secondary Screen Map 1,sPREP405,C,2,0.168442,-0.145756,-0.282618,0.731097,sample,11/11/22 14:52
122,AR_71,3,23148.6,32224.3,0.718358,EXP_025_46_04 Secondary Screen Map 1,sPREP405,C,3,0.208928,-0.19583,-0.361567,0.665193,sample,11/11/22 14:52
123,AR_74,3,8784.19,56744.7,0.154802,EXP_025_46_04 Secondary Screen Map 1,sPREP405,C,4,0.269732,-0.224015,-0.098498,0.611141,sample,11/11/22 14:52
124,AR_74,3,9072.36,57439,0.157948,EXP_025_46_04 Secondary Screen Map 1,sPREP405,C,5,0.225729,-0.176922,-0.0772683,0.671501,sample,11/11/22 14:52
125,AR_74,3,8888.87,59289.9,0.149922,EXP_025_46_04 Secondary Screen Map 1,sPREP405,C,6,0.345026,-0.182755,-0.0968204,0.607606,sample,11/11/22 14:52
126,AR_93,3,2398.91,75289.5,0.0318624,EXP_025_46_04 Secondary Screen Map 1,sPREP405,C,7,0.285777,-0.219911,-0.0206546,0.606706,sample,11/11/22 14:52
127,AR_93,3,2502.41,71950.8,0.0347794,EXP_025_46_04 Secondary Screen Map 1,sPREP405,C,8,0.353459,-0.298647,-0.0323373,0.518193,sample,11/11/22 14:52
128,AR_93,3,2512.99,74944.7,0.0335313,EXP_025_46_04 Secondary Screen Map 1,sPREP405,C,9,0.389692,-0.210881,-0.0255196,0.567837,sample,11/11/22 14:52
129,Rho-pci,3,16694.3,186658,0.0894375,EXP_025_46_04 Secondary Screen Map 1,sPREP405,C,10,0.447779,-0.202558,-0.0729388,0.550804,sample,11/11/22 14:52
130,Rho-pci,3,18038.7,182473,0.098857,EXP_025_46_04 Secondary Screen Map 1,sPREP405,C,11,0.427741,-0.192383,-0.0759067,0.565661,sample,11/11/22 14:52
131,Rho-pci,3,14840.5,157943,0.0939611,EXP_025_46_04 Secondary Screen Map 1,sPREP405,C,12,0.0910216,-0.293054,-0.051048,0.647967,sample,11/11/22 14:52
132,AR_71,4,29710.3,32711.3,0.908257,EXP_025_46_04 Secondary Screen Map 1,sPREP405,D,1,0.219932,0.11481,-0.0856445,0.91383,sample,11/11/22 14:52
133,AR_71,4,23779.1,30484.4,0.780042,EXP_025_46_04 Secondary Screen Map 1,sPREP405,D,2,0.154455,-0.12569,-0.24994,0.757335,sample,11/11/22 14:52
134,AR_71,4,22789.8,32284.3,0.70591,EXP_025_46_04 Secondary Screen Map 1,sPREP405,D,3,0.244123,-0.13207,-0.305967,0.697624,sample,11/11/22 14:52
135,AR_74,4,8763.02,55923.4,0.156697,EXP_025_46_04 Secondary Screen Map 1,sPREP405,D,4,0.298282,-0.218004,-0.103454,0.602331,sample,11/11/22 14:52
136,AR_74,4,8844.18,61657.5,0.14344,EXP_025_46_04 Secondary Screen Map 1,sPREP405,D,5,0.382353,-0.239345,-0.117237,0.550261,sample,11/11/22 14:52
137,AR_74,4,9399.34,60000.7,0.156654,EXP_025_46_04 Secondary Screen Map 1,sPREP405,D,6,0.349086,-0.161485,-0.0953863,0.621543,sample,11/11/22 14:52
138,AR_93,4,3071.65,75923.8,0.0404569,EXP_025_46_04 Secondary Screen Map 1,sPREP405,D,7,0.390884,-0.0809381,-0.0207695,0.660775,sample,11/11/22 14:52
139,AR_93,4,2518.87,72944,0.0345316,EXP_025_46_04 Secondary Screen Map 1,sPREP405,D,8,0.419848,-0.127511,-0.0216635,0.614495,sample,11/11/22 14:52
140,AR_93,4,2617.66,72685.1,0.0360138,EXP_025_46_04 Secondary Screen Map 1,sPREP405,D,9,0.296725,-0.181036,-0.0210094,0.631563,sample,11/11/22 14:52
141,Rho-pci,4,17535.3,178000,0.0985127,EXP_025_46_04 Secondary Screen Map 1,sPREP405,D,10,0.358942,-0.250375,-0.080074,0.551624,sample,11/11/22 14:52
142,Rho-pci,4,17857.6,177495,0.100609,EXP_025_46_04 Secondary Screen Map 1,sPREP405,D,11,0.287317,-0.224587,-0.0664189,0.602348,sample,11/11/22 14:52
143,Rho-pci,4,16347.3,158388,0.10321,EXP_025_46_04 Secondary Screen Map 1,sPREP405,D,12,0.0330449,-0.0524965,-0.00931789,0.917195,sample,11/11/22 14:52
144,AR_71,5,34129.1,33913.5,1.00636,EXP_025_46_04 Secondary Screen Map 1,sPREP405,E,1,0.17284,-0.0515936,-0.238147,0.808641,sample,11/11/22 14:52
145,AR_71,5,26986.9,32271.2,0.836253,EXP_025_46_04 Secondary Screen Map 1,sPREP405,E,2,0.22848,-0.220707,-0.482018,0.634356,sample,11/11/22 14:52
146,AR_71,5,25061.9,32119.2,0.780278,EXP_025_46_04 Secondary Screen Map 1,sPREP405,E,3,0.187928,-0.265056,-0.480925,0.618677,sample,11/11/22 14:52
147,AR_74,5,10010.4,58784.8,0.17029,EXP_025_46_04 Secondary Screen Map 1,sPREP405,E,4,0.351575,-0.242404,-0.133513,0.560528,sample,11/11/22 14:52
148,AR_74,5,10506.3,63189.3,0.166267,EXP_025_46_04 Secondary Screen Map 1,sPREP405,E,5,0.519496,-0.189754,-0.145542,0.533234,sample,11/11/22 14:52
149,AR_74,5,11282.4,62395.4,0.180821,EXP_025_46_04 Secondary Screen Map 1,sPREP405,E,6,0.563464,-0.101585,-0.133853,0.574631,sample,11/11/22 14:52
150,AR_93,5,3128.84,78632.6,0.0397906,EXP_025_46_04 Secondary Screen Map 1,sPREP405,E,7,0.493586,-0.0973892,-0.0260525,0.604324,sample,11/11/22 14:52
151,AR_93,5,3031.67,78587.8,0.0385769,EXP_025_46_04 Secondary Screen Map 1,sPREP405,E,8,0.400627,-0.347312,-0.0442067,0.465997,sample,11/11/22 14:52
152,AR_93,5,3181.16,81168.1,0.0391923,EXP_025_46_04 Secondary Screen Map 1,sPREP405,E,9,0.493522,-0.210533,-0.0349521,0.528594,sample,11/11/22 14:52
153,Rho-pci,5,21609.4,196718,0.10985,EXP_025_46_04 Secondary Screen Map 1,sPREP405,E,10,0.472425,-0.187446,-0.0892084,0.551847,sample,11/11/22 14:52
154,Rho-pci,5,20824.5,191800,0.108574,EXP_025_46_04 Secondary Screen Map 1,sPREP405,E,11,0.534588,-0.26764,-0.118932,0.477235,sample,11/11/22 14:52
155,Rho-pci,5,18959.4,156750,0.120953,EXP_025_46_04 Secondary Screen Map 1,sPREP405,E,12,0.0482799,-0.324291,-0.0666908,0.644588,sample,11/11/22 14:52
156,AR_71,6,32486.8,33812.6,0.96079,EXP_025_46_04 Secondary Screen Map 1,sPREP405,F,1,0.431352,0.035219,-0.367652,0.723246,sample,11/11/22 14:52
157,AR_71,6,26582,35340.3,0.752173,EXP_025_46_04 Secondary Screen Map 1,sPREP405,F,2,0.539126,-0.225067,-0.741748,0.503489,sample,11/11/22 14:52
158,AR_71,6,25263.8,32419.5,0.779276,EXP_025_46_04 Secondary Screen Map 1,sPREP405,F,3,0.33335,-0.269309,-0.642731,0.548011,sample,11/11/22 14:52
159,AR_74,6,10941.1,64426.9,0.169821,EXP_025_46_04 Secondary Screen Map 1,sPREP405,F,4,0.63634,-0.126253,-0.148217,0.533964,sample,11/11/22 14:52
160,AR_74,6,11079.3,63649.2,0.174069,EXP_025_46_04 Secondary Screen Map 1,sPREP405,F,5,0.520531,-0.151995,-0.138049,0.557703,sample,11/11/22 14:52
161,AR_74,6,11956.4,67449.4,0.177265,EXP_025_46_04 Secondary Screen Map 1,sPREP405,F,6,0.698911,-0.0586552,-0.142657,0.554087,sample,11/11/22 14:52
162,AR_93,6,3143.79,80748,0.0389333,EXP_025_46_04 Secondary Screen Map 1,sPREP405,F,7,0.464467,-0.2568,-0.0377843,0.507488,sample,11/11/22 14:52
163,AR_93,6,2914.57,78144,0.0372975,EXP_025_46_04 Secondary Screen Map 1,sPREP405,F,8,0.466634,-0.289001,-0.039639,0.484783,sample,11/11/22 14:52
164,AR_93,6,3267.12,84541.3,0.0386452,EXP_025_46_04 Secondary Screen Map 1,sPREP405,F,9,0.505663,-0.133767,-0.0285269,0.575316,sample,11/11/22 14:52
165,Rho-pci,6,21857.4,190047,0.11501,EXP_025_46_04 Secondary Screen Map 1,sPREP405,F,10,0.369009,-0.26482,-0.0991551,0.537017,sample,11/11/22 14:52
166,Rho-pci,6,21952,189391,0.115909,EXP_025_46_04 Secondary Screen Map 1,sPREP405,F,11,0.409028,-0.19231,-0.0862961,0.573225,sample,11/11/22 14:52
167,Rho-pci,6,20813.3,188894,0.110185,EXP_025_46_04 Secondary Screen Map 1,sPREP405,F,12,0.262605,-0.214143,-0.0668448,0.622409,sample,11/11/22 14:52
168,AR_71,7,38226.2,35654.3,1.07213,EXP_025_46_04 Secondary Screen Map 1,sPREP405,G,1,0.379243,-0.0310184,-0.453936,0.702546,sample,11/11/22 14:52
169,AR_71,7,30521.8,34775.8,0.877674,EXP_025_46_04 Secondary Screen Map 1,sPREP405,G,2,0.291359,-0.157466,-0.467544,0.65244,sample,11/11/22 14:52
170,AR_71,7,31123.7,33086.2,0.940685,EXP_025_46_04 Secondary Screen Map 1,sPREP405,G,3,0.358956,-0.179706,-0.61772,0.603621,sample,11/11/22 14:52
171,AR_74,7,11042,75136.2,0.146959,EXP_025_46_04 Secondary Screen Map 1,sPREP405,G,4,0.577346,-0.232305,-0.154991,0.4867,sample,11/11/22 14:52
172,AR_74,7,13268.3,64722.3,0.205003,EXP_025_46_04 Secondary Screen Map 1,sPREP405,G,5,0.390372,-0.0270416,-0.0879492,0.699783,sample,11/11/22 14:52
173,AR_74,7,13177.3,58200.3,0.226413,EXP_025_46_04 Secondary Screen Map 1,sPREP405,G,6,0.201718,-0.0352971,-0.0556268,0.80277,sample,11/11/22 14:52
174,AR_93,7,3213.55,79477.8,0.0404333,EXP_025_46_04 Secondary Screen Map 1,sPREP405,G,7,0.432687,-0.242761,-0.036066,0.528544,sample,11/11/22 14:52
175,AR_93,7,3527.47,80197,0.0439851,EXP_025_46_04 Secondary Screen Map 1,sPREP405,G,8,0.390155,-0.0200717,-0.0184134,0.704906,sample,11/11/22 14:52
176,AR_93,7,3032.92,82405.9,0.0368046,EXP_025_46_04 Secondary Screen Map 1,sPREP405,G,9,0.483104,-0.0790573,-0.0224663,0.620956,sample,11/11/22 14:52
177,Rho-pci,7,21876,188155,0.116266,EXP_025_46_04 Secondary Screen Map 1,sPREP405,G,10,0.321234,-0.198341,-0.0753547,0.60675,sample,11/11/22 14:52
178,Rho-pci,7,22057.9,201401,0.109522,EXP_025_46_04 Secondary Screen Map 1,sPREP405,G,11,0.418595,-0.200762,-0.0848726,0.563402,sample,11/11/22 14:52
179,Rho-pci,7,20732.3,196354,0.105586,EXP_025_46_04 Secondary Screen Map 1,sPREP405,G,12,0.317268,-0.253145,-0.0806419,0.566973,sample,11/11/22 14:52
180,AR_71,8,49820.4,41491,1.20075,EXP_025_46_04 Secondary Screen Map 1,sPREP405,H,1,0.57482,0.115395,-0.494583,0.708268,sample,11/11/22 14:52
181,AR_71,8,37644.3,36707.2,1.02553,EXP_025_46_04 Secondary Screen Map 1,sPREP405,H,2,0.60817,-0.0330946,-0.680144,0.601246,sample,11/11/22 14:52
182,AR_71,8,32793.3,32823.2,0.999089,EXP_025_46_04 Secondary Screen Map 1,sPREP405,H,3,0.375756,-0.19677,-0.71213,0.583846,sample,11/11/22 14:52
183,AR_74,8,12656.6,65854,0.192191,EXP_025_46_04 Secondary Screen Map 1,sPREP405,H,4,0.481594,-0.0683229,-0.11344,0.628834,sample,11/11/22 14:52
184,AR_74,8,16073.9,63052.2,0.25493,EXP_025_46_04 Secondary Screen Map 1,sPREP405,H,5,0.392135,0.235114,-0.0324093,0.887209,sample,11/11/22 14:52
185,AR_74,8,18281.6,58648.9,0.311713,EXP_025_46_04 Secondary Screen Map 1,sPREP405,H,6,0.586708,0.585351,-0.000266682,0.999145,sample,11/11/22 14:52
186,AR_93,8,3126.35,77191.7,0.0405011,EXP_025_46_04 Secondary Screen Map 1,sPREP405,H,7,0.497011,-0.0301432,-0.0220139,0.647862,sample,11/11/22 14:52
187,AR_93,8,3064.06,80352.8,0.0381326,EXP_025_46_04 Secondary Screen Map 1,sPREP405,H,8,0.554409,-0.125504,-0.0296478,0.56259,sample,11/11/22 14:52
188,AR_93,8,3500.07,86126.9,0.0406385,EXP_025_46_04 Secondary Screen Map 1,sPREP405,H,9,0.630841,-0.0471404,-0.0289152,0.584275,sample,11/11/22 14:52
189,Rho-pci,8,21152.2,210781,0.100351,EXP_025_46_04 Secondary Screen Map 1,sPREP405,H,10,0.557936,-0.0700079,-0.0677586,0.596938,sample,11/11/22 14:52
190,Rho-pci,8,22320.8,216300,0.103194,EXP_025_46_04 Secondary Screen Map 1,sPREP405,H,11,0.704388,-0.124946,-0.0978026,0.513412,sample,11/11/22 14:52
191,Rho-pci,8,20590.3,206762,0.0995844,EXP_025_46_04 Secondary Screen Map 1,sPREP405,H,12,0.493131,-0.144794,-0.0742832,0.57276,sample,11/11/22 14:52
192,AR_71,1,24461.4,30704.4,0.796674,EXP_025_46_04 Secondary Screen Map 1,sPREP406,A,1,0.213438,-0.249371,-0.491198,0.618597,sample,11/11/22 14:52
193,AR_71,1,24593.1,31492.6,0.780918,EXP_025_46_04 Secondary Screen Map 1,sPREP406,A,2,0.209063,-0.248502,-0.475478,0.621554,sample,11/11/22 14:52
194,AR_71,1,24366.1,32386.6,0.75235,EXP_025_46_04 Secondary Screen Map 1,sPREP406,A,3,0.332901,-0.224263,-0.540366,0.581992,sample,11/11/22 14:52
195,AR_74,1,9309.95,57841.4,0.160956,EXP_025_46_04 Secondary Screen Map 1,sPREP406,A,4,0.276493,-0.188948,-0.0923685,0.635375,sample,11/11/22 14:52
196,AR_74,1,8778.31,57857.9,0.151722,EXP_025_46_04 Secondary Screen Map 1,sPREP406,A,5,0.255312,-0.217215,-0.0915866,0.623578,sample,11/11/22 14:52
197,AR_74,1,9608.7,56281.1,0.170727,EXP_025_46_04 Secondary Screen Map 1,sPREP406,A,6,0.130058,-0.148437,-0.0558344,0.753557,sample,11/11/22 14:52
198,AR_93,1,2448.3,69252.3,0.0353534,EXP_025_46_04 Secondary Screen Map 1,sPREP406,A,7,0.199353,-0.140043,-0.0139528,0.717018,sample,11/11/22 14:52
199,AR_93,1,2654.12,71198.8,0.0372777,EXP_025_46_04 Secondary Screen Map 1,sPREP406,A,8,0.18983,-0.154383,-0.0151741,0.710704,sample,11/11/22 14:52
200,AR_93,1,2365.98,69627.7,0.0339804,EXP_025_46_04 Secondary Screen Map 1,sPREP406,A,9,0.17062,-0.216232,-0.016772,0.669533,sample,11/11/22 14:52
201,Rho-pci,1,17941.1,158459,0.113223,EXP_025_46_04 Secondary Screen Map 1,sPREP406,A,10,0.227944,-0.186471,-0.057676,0.662513,sample,11/11/22 14:52
202,Rho-pci,1,16289.6,152568,0.10677,EXP_025_46_04 Secondary Screen Map 1,sPREP406,A,11,0.166499,-0.24967,-0.0592195,0.643233,sample,11/11/22 14:52
203,Rho-pci,1,17857.6,190165,0.0939055,EXP_025_46_04 Secondary Screen Map 1,sPREP406,A,12,0.23714,-0.14391,-0.0417978,0.691991,sample,11/11/22 14:52
204,AR_71,2,23216.8,30592.6,0.758902,EXP_025_46_04 Secondary Screen Map 1,sPREP406,B,1,0.156904,-0.263005,-0.432391,0.637041,sample,11/11/22 14:52
205,AR_71,2,22843.9,32105.5,0.711527,EXP_025_46_04 Secondary Screen Map 1,sPREP406,B,2,0.301855,-0.212433,-0.464632,0.604958,sample,11/11/22 14:52
206,AR_71,2,21232.4,31610.2,0.671693,EXP_025_46_04 Secondary Screen Map 1,sPREP406,B,3,0.056875,-0.170308,-0.183921,0.785042,sample,11/11/22 14:52
207,AR_74,2,9511.07,59054.6,0.161056,EXP_025_46_04 Secondary Screen Map 1,sPREP406,B,4,0.345144,-0.16673,-0.0989357,0.619465,sample,11/11/22 14:52
208,AR_74,2,9396.98,59353.5,0.158322,EXP_025_46_04 Secondary Screen Map 1,sPREP406,B,5,0.203748,-0.124105,-0.059261,0.72764,sample,11/11/22 14:52
209,AR_74,2,9108.82,58410.9,0.155944,EXP_025_46_04 Secondary Screen Map 1,sPREP406,B,6,0.341737,-0.21919,-0.112029,0.581939,sample,11/11/22 14:52
210,AR_93,2,2388.32,72711,0.0328468,EXP_025_46_04 Secondary Screen Map 1,sPREP406,B,7,0.295229,-0.284134,-0.0265835,0.552694,sample,11/11/22 14:52
211,AR_93,2,2862.3,71303.5,0.0401424,EXP_025_46_04 Secondary Screen Map 1,sPREP406,B,8,0.329076,-0.202773,-0.0267799,0.599836,sample,11/11/22 14:52
212,AR_93,2,2433.02,74016.1,0.0328714,EXP_025_46_04 Secondary Screen Map 1,sPREP406,B,9,0.358513,-0.251205,-0.026766,0.551187,sample,11/11/22 14:52
213,Rho-pci,2,19100.9,168267,0.113515,EXP_025_46_04 Secondary Screen Map 1,sPREP406,B,10,0.283691,-0.21601,-0.0723526,0.610731,sample,11/11/22 14:52
214,Rho-pci,2,18910.4,168243,0.112399,EXP_025_46_04 Secondary Screen Map 1,sPREP406,B,11,0.372472,-0.211883,-0.0833394,0.574231,sample,11/11/22 14:52
215,Rho-pci,2,16436.7,168216,0.0977119,EXP_025_46_04 Secondary Screen Map 1,sPREP406,B,12,0.147928,-0.299033,-0.0623045,0.610637,sample,11/11/22 14:52
216,AR_71,3,23242.7,31653.7,0.734279,EXP_025_46_04 Secondary Screen Map 1,sPREP406,C,1,0.265428,-0.210405,-0.442499,0.623974,sample,11/11/22 14:52
217,AR_71,3,23288.6,31424.3,0.7411,EXP_025_46_04 Secondary Screen Map 1,sPREP406,C,2,0.253369,-0.116203,-0.309902,0.705137,sample,11/11/22 14:52
218,AR_71,3,23252.1,34971.3,0.664891,EXP_025_46_04 Secondary Screen Map 1,sPREP406,C,3,0.311984,-0.192234,-0.415033,0.615683,sample,11/11/22 14:52
219,AR_74,3,9456.97,58614.5,0.161342,EXP_025_46_04 Secondary Screen Map 1,sPREP406,C,4,0.31157,-0.164583,-0.0919581,0.63696,sample,11/11/22 14:52
220,AR_74,3,8953.56,57416.6,0.15594,EXP_025_46_04 Secondary Screen Map 1,sPREP406,C,5,0.225251,-0.1877,-0.0792758,0.662966,sample,11/11/22 14:52
221,AR_74,3,9488.73,57388.4,0.165342,EXP_025_46_04 Secondary Screen Map 1,sPREP406,C,6,0.301888,-0.127604,-0.0814003,0.6701,sample,11/11/22 14:52
222,AR_93,3,2618.84,74166.8,0.0353102,EXP_025_46_04 Secondary Screen Map 1,sPREP406,C,7,0.266603,-0.148393,-0.0172069,0.672356,sample,11/11/22 14:52
223,AR_93,3,2570.62,74017.3,0.03473,EXP_025_46_04 Secondary Screen Map 1,sPREP406,C,8,0.392333,-0.279528,-0.0323867,0.517457,sample,11/11/22 14:52
224,AR_93,3,2652.95,69816,0.0379991,EXP_025_46_04 Secondary Screen Map 1,sPREP406,C,9,0.294591,-0.166932,-0.0210517,0.643499,sample,11/11/22 14:52
225,Rho-pci,3,18929.2,168790,0.112146,EXP_025_46_04 Secondary Screen Map 1,sPREP406,C,10,0.309189,-0.0958014,-0.0502302,0.690656,sample,11/11/22 14:52
226,Rho-pci,3,18650.4,172995,0.107809,EXP_025_46_04 Secondary Screen Map 1,sPREP406,C,11,0.353584,-0.164998,-0.0669551,0.616882,sample,11/11/22 14:52
227,Rho-pci,3,17084.8,162026,0.105445,EXP_025_46_04 Secondary Screen Map 1,sPREP406,C,12,0.119228,-0.186144,-0.0395645,0.727158,sample,11/11/22 14:52
228,AR_71,4,20952.4,30253.8,0.692554,EXP_025_46_04 Secondary Screen Map 1,sPREP406,D,1,0.128281,-0.21381,-0.301348,0.696803,sample,11/11/22 14:52
229,AR_71,4,22645.1,29904.4,0.75725,EXP_025_46_04 Secondary Screen Map 1,sPREP406,D,2,0.132491,-0.167385,-0.272732,0.735207,sample,11/11/22 14:52
230,AR_71,4,23361.5,33604.3,0.695195,EXP_025_46_04 Secondary Screen Map 1,sPREP406,D,3,0.294989,-0.110298,-0.316683,0.687035,sample,11/11/22 14:52
231,AR_74,4,8950.03,56076.4,0.159604,EXP_025_46_04 Secondary Screen Map 1,sPREP406,D,4,0.301833,-0.201315,-0.100546,0.613508,sample,11/11/22 14:52
232,AR_74,4,8733.62,62584.7,0.139549,EXP_025_46_04 Secondary Screen Map 1,sPREP406,D,5,0.403142,-0.248853,-0.121128,0.535332,sample,11/11/22 14:52
233,AR_74,4,7096.39,73517.2,0.096527,EXP_025_46_04 Secondary Screen Map 1,sPREP406,D,6,0.652998,-0.36693,-0.155513,0.382983,sample,11/11/22 14:52
234,AR_93,4,2736.45,75051.8,0.0364609,EXP_025_46_04 Secondary Screen Map 1,sPREP406,D,7,0.374908,-0.181231,-0.0247656,0.595508,sample,11/11/22 14:52
235,AR_93,4,2761.15,71320,0.038715,EXP_025_46_04 Secondary Screen Map 1,sPREP406,D,8,0.388237,-0.0435901,-0.0174801,0.688939,sample,11/11/22 14:52
236,AR_93,4,2576.5,72627.5,0.0354756,EXP_025_46_04 Secondary Screen Map 1,sPREP406,D,9,0.295696,-0.193915,-0.0215476,0.622125,sample,11/11/22 14:52
237,Rho-pci,4,18285.8,177877,0.1028,EXP_025_46_04 Secondary Screen Map 1,sPREP406,D,10,0.357998,-0.218293,-0.0757865,0.575632,sample,11/11/22 14:52
238,Rho-pci,4,17488.2,171104,0.102208,EXP_025_46_04 Secondary Screen Map 1,sPREP406,D,11,0.240963,-0.240625,-0.0648195,0.611924,sample,11/11/22 14:52
239,Rho-pci,4,18226.9,187701,0.0971062,EXP_025_46_04 Secondary Screen Map 1,sPREP406,D,12,0.22423,0.0564512,-0.0154218,0.862951,sample,11/11/22 14:52
240,AR_71,5,24703.1,30599.1,0.807314,EXP_025_46_04 Secondary Screen Map 1,sPREP406,E,1,0.0582159,-0.313531,-0.437189,0.648704,sample,11/11/22 14:52
241,AR_71,5,28917,32554.1,0.888274,EXP_025_46_04 Secondary Screen Map 1,sPREP406,E,2,0.239247,-0.164974,-0.429997,0.673818,sample,11/11/22 14:52
242,AR_71,5,27193.8,33754,0.805645,EXP_025_46_04 Secondary Screen Map 1,sPREP406,E,3,0.248391,-0.202539,-0.455558,0.638791,sample,11/11/22 14:52
243,AR_74,5,10705.6,58713.7,0.182336,EXP_025_46_04 Secondary Screen Map 1,sPREP406,E,4,0.349941,-0.189794,-0.121467,0.600178,sample,11/11/22 14:52
244,AR_74,5,11331,60945.9,0.185919,EXP_025_46_04 Secondary Screen Map 1,sPREP406,E,5,0.465549,-0.126151,-0.125889,0.596261,sample,11/11/22 14:52
245,AR_74,5,11375.9,59703.3,0.19054,EXP_025_46_04 Secondary Screen Map 1,sPREP406,E,6,0.496008,-0.0941449,-0.124134,0.605515,sample,11/11/22 14:52
246,AR_93,5,2709.03,70025.8,0.0386862,EXP_025_46_04 Secondary Screen Map 1,sPREP406,E,7,0.330103,-0.218497,-0.0271569,0.587551,sample,11/11/22 14:52
247,AR_93,5,3324.42,80748,0.0411703,EXP_025_46_04 Secondary Screen Map 1,sPREP406,E,8,0.439128,-0.284287,-0.0416133,0.497324,sample,11/11/22 14:52
248,AR_93,5,2838.58,76488.6,0.0371112,EXP_025_46_04 Secondary Screen Map 1,sPREP406,E,9,0.407419,-0.29555,-0.0370332,0.500526,sample,11/11/22 14:52
249,Rho-pci,5,20454.5,176684,0.115769,EXP_025_46_04 Secondary Screen Map 1,sPREP406,E,10,0.322467,-0.230875,-0.0832892,0.581583,sample,11/11/22 14:52
250,Rho-pci,5,21606.9,171091,0.126289,EXP_025_46_04 Secondary Screen Map 1,sPREP406,E,11,0.368899,-0.240123,-0.101217,0.555101,sample,11/11/22 14:52
251,Rho-pci,5,20442,189040,0.108136,EXP_025_46_04 Secondary Screen Map 1,sPREP406,E,12,0.264224,-0.27145,-0.0795081,0.576282,sample,11/11/22 14:52
252,AR_71,6,24906.2,31405.3,0.793057,EXP_025_46_04 Secondary Screen Map 1,sPREP406,F,1,0.329444,-0.206344,-0.535385,0.596983,sample,11/11/22 14:52
253,AR_71,6,27578.8,34605.1,0.796957,EXP_025_46_04 Secondary Screen Map 1,sPREP406,F,2,0.507108,-0.196008,-0.696964,0.533467,sample,11/11/22 14:52
254,AR_71,6,27391.9,33121,0.827023,EXP_025_46_04 Secondary Screen Map 1,sPREP406,F,3,0.362202,-0.207759,-0.594984,0.581589,sample,11/11/22 14:52
255,AR_74,6,10721.8,59401.7,0.180497,EXP_025_46_04 Secondary Screen Map 1,sPREP406,F,4,0.508707,-0.143763,-0.137542,0.56753,sample,11/11/22 14:52
256,AR_74,6,10967.2,56234.8,0.195025,EXP_025_46_04 Secondary Screen Map 1,sPREP406,F,5,0.343408,-0.160577,-0.117092,0.624846,sample,11/11/22 14:52
257,AR_74,6,11243.8,60944.6,0.184492,EXP_025_46_04 Secondary Screen Map 1,sPREP406,F,6,0.535069,-0.11476,-0.13543,0.576678,sample,11/11/22 14:52
258,AR_93,6,2888.41,80496.2,0.0358826,EXP_025_46_04 Secondary Screen Map 1,sPREP406,F,7,0.459901,-0.317171,-0.0408351,0.467723,sample,11/11/22 14:52
259,AR_93,6,3125.1,74928,0.041708,EXP_025_46_04 Secondary Screen Map 1,sPREP406,F,8,0.406276,-0.237644,-0.0352284,0.54211,sample,11/11/22 14:52
260,AR_93,6,3283.31,78853.3,0.0416382,EXP_025_46_04 Secondary Screen Map 1,sPREP406,F,9,0.404361,-0.129474,-0.0255339,0.619874,sample,11/11/22 14:52
261,Rho-pci,6,23676.4,187030,0.126592,EXP_025_46_04 Secondary Screen Map 1,sPREP406,F,10,0.347277,-0.203635,-0.0875739,0.591092,sample,11/11/22 14:52
262,Rho-pci,6,22545.1,178022,0.126642,EXP_025_46_04 Secondary Screen Map 1,sPREP406,F,11,0.324451,-0.17049,-0.075563,0.626305,sample,11/11/22 14:52
263,Rho-pci,6,22087.9,193363,0.11423,EXP_025_46_04 Secondary Screen Map 1,sPREP406,F,12,0.292478,-0.166018,-0.0627999,0.645258,sample,11/11/22 14:52
264,AR_71,7,30493.2,32080.6,0.950517,EXP_025_46_04 Secondary Screen Map 1,sPREP406,G,1,0.241,-0.22704,-0.575553,0.622853,sample,11/11/22 14:52
265,AR_71,7,30263.9,35524.7,0.851912,EXP_025_46_04 Secondary Screen Map 1,sPREP406,G,2,0.319167,-0.164586,-0.493306,0.633289,sample,11/11/22 14:52
266,AR_71,7,28127,33506.1,0.83946,EXP_025_46_04 Secondary Screen Map 1,sPREP406,G,3,0.376204,-0.258685,-0.718945,0.538666,sample,11/11/22 14:52
267,AR_74,7,11388.3,71287.1,0.159753,EXP_025_46_04 Secondary Screen Map 1,sPREP406,G,4,0.496542,-0.208226,-0.142198,0.529069,sample,11/11/22 14:52
268,AR_74,7,13283.2,61090.5,0.217435,EXP_025_46_04 Secondary Screen Map 1,sPREP406,G,5,0.312351,-0.0259454,-0.0755169,0.742221,sample,11/11/22 14:52
269,AR_74,7,13202.2,58083.1,0.227299,EXP_025_46_04 Secondary Screen Map 1,sPREP406,G,6,0.199299,-0.0334729,-0.0547411,0.80591,sample,11/11/22 14:52
270,AR_93,7,2828.62,75916.5,0.0372596,EXP_025_46_04 Secondary Screen Map 1,sPREP406,G,7,0.368491,-0.333466,-0.0392397,0.487058,sample,11/11/22 14:52
271,AR_93,7,3218.53,74749.8,0.0430574,EXP_025_46_04 Secondary Screen Map 1,sPREP406,G,8,0.295731,-0.105895,-0.0193411,0.690039,sample,11/11/22 14:52
272,AR_93,7,2859.76,72807.8,0.0392782,EXP_025_46_04 Secondary Screen Map 1,sPREP406,G,9,0.310362,-0.131636,-0.0199927,0.66269,sample,11/11/22 14:52
273,Rho-pci,7,22304.6,171366,0.130158,EXP_025_46_04 Secondary Screen Map 1,sPREP406,G,10,0.203335,-0.182635,-0.0614623,0.67925,sample,11/11/22 14:52
274,Rho-pci,7,22309.6,172135,0.129605,EXP_025_46_04 Secondary Screen Map 1,sPREP406,G,11,0.212457,-0.191642,-0.0647898,0.66671,sample,11/11/22 14:52
275,Rho-pci,7,18954.4,163451,0.115964,EXP_025_46_04 Secondary Screen Map 1,sPREP406,G,12,0.0965314,-0.317191,-0.0702641,0.622699,sample,11/11/22 14:52
276,AR_71,8,38266.1,36283.5,1.05464,EXP_025_46_04 Secondary Screen Map 1,sPREP406,H,1,0.377167,-0.143288,-0.640696,0.622083,sample,11/11/22 14:52
277,AR_71,8,30028.4,32975.3,0.910635,EXP_025_46_04 Secondary Screen Map 1,sPREP406,H,2,0.444671,-0.22871,-0.795038,0.533886,sample,11/11/22 14:52
278,AR_71,8,33584.6,33074.9,1.01541,EXP_025_46_04 Secondary Screen Map 1,sPREP406,H,3,0.386306,-0.177389,-0.69581,0.593383,sample,11/11/22 14:52
279,AR_74,8,14317.3,54375.4,0.263304,EXP_025_46_04 Secondary Screen Map 1,sPREP406,H,4,0.223346,0.053925,-0.0423268,0.86151,sample,11/11/22 14:52
280,AR_74,8,17625,54353,0.32427,EXP_025_46_04 Secondary Screen Map 1,sPREP406,H,5,0.200064,0.354301,0.0369302,1.12852,sample,11/11/22 14:52
281,AR_74,8,19523.8,52038.7,0.375178,EXP_025_46_04 Secondary Screen Map 1,sPREP406,H,6,0.407872,0.693069,0.0631986,1.20257,sample,11/11/22 14:52
282,AR_93,8,3020.46,63618.1,0.047478,EXP_025_46_04 Secondary Screen Map 1,sPREP406,H,7,0.233772,-0.0629915,-0.0150369,0.759467,sample,11/11/22 14:52
283,AR_93,8,2591.93,65445.2,0.0396046,EXP_025_46_04 Secondary Screen Map 1,sPREP406,H,8,0.266025,-0.260252,-0.0281758,0.584307,sample,11/11/22 14:52
284,AR_93,8,2770.07,67346,0.0411319,EXP_025_46_04 Secondary Screen Map 1,sPREP406,H,9,0.275217,-0.245875,-0.0284217,0.59137,sample,11/11/22 14:52
285,Rho-pci,8,19625.9,146137,0.134298,EXP_025_46_04 Secondary Screen Map 1,sPREP406,H,10,0.0801327,-0.137112,-0.0338115,0.798872,sample,11/11/22 14:52
286,Rho-pci,8,18392.5,146032,0.125948,EXP_025_46_04 Secondary Screen Map 1,sPREP406,H,11,0.150697,-0.278951,-0.0750483,0.626619,sample,11/11/22 14:52
287,Rho-pci,8,19238.5,183804,0.104669,EXP_025_46_04 Secondary Screen Map 1,sPREP406,H,12,0.327339,-0.20094,-0.0691991,0.602001,sample,11/11/22 14:52
288,AR_71,1,29385.6,34286.6,0.857059,EXP_025_46_04 Secondary Screen Map 1,sPREP407,A,1,0.355007,-0.0982632,-0.430812,0.665485,sample,11/11/22 14:52
289,AR_71,1,25748.3,29833.8,0.863057,EXP_025_46_04 Secondary Screen Map 1,sPREP407,A,2,0.145381,-0.213203,-0.39334,0.68693,sample,11/11/22 14:52
290,AR_71,1,25182.5,29493.9,0.853821,EXP_025_46_04 Secondary Screen Map 1,sPREP407,A,3,0.213846,-0.198272,-0.438895,0.660486,sample,11/11/22 14:52
291,AR_74,1,9680.44,59078.1,0.163858,EXP_025_46_04 Secondary Screen Map 1,sPREP407,A,4,0.303786,-0.156671,-0.0894666,0.646831,sample,11/11/22 14:52
292,AR_74,1,9192.33,55874,0.164519,EXP_025_46_04 Secondary Screen Map 1,sPREP407,A,5,0.212269,-0.180296,-0.0787897,0.676174,sample,11/11/22 14:52
293,AR_74,1,9635.75,57517.8,0.167526,EXP_025_46_04 Secondary Screen Map 1,sPREP407,A,6,0.154889,-0.146039,-0.0590349,0.739431,sample,11/11/22 14:52
294,AR_93,1,2182.5,71848.4,0.0303765,EXP_025_46_04 Secondary Screen Map 1,sPREP407,A,7,0.244313,-0.233404,-0.0189297,0.616079,sample,11/11/22 14:52
295,AR_93,1,2597.67,71582.4,0.0362892,EXP_025_46_04 Secondary Screen Map 1,sPREP407,A,8,0.196241,-0.172369,-0.0161625,0.691859,sample,11/11/22 14:52
296,AR_93,1,2478.88,70399.7,0.0352116,EXP_025_46_04 Secondary Screen Map 1,sPREP407,A,9,0.183599,-0.17883,-0.0155408,0.693791,sample,11/11/22 14:52
297,Rho-pci,1,18083.4,172616,0.104761,EXP_025_46_04 Secondary Screen Map 1,sPREP407,A,10,0.337653,-0.180017,-0.0661375,0.613001,sample,11/11/22 14:52
298,Rho-pci,1,16381.4,164454,0.0996109,EXP_025_46_04 Secondary Screen Map 1,sPREP407,A,11,0.257374,-0.245444,-0.0663783,0.600105,sample,11/11/22 14:52
299,Rho-pci,1,15950.9,166903,0.0955694,EXP_025_46_04 Secondary Screen Map 1,sPREP407,A,12,0.0858066,-0.235318,-0.0401339,0.704253,sample,11/11/22 14:52
300,AR_71,2,26974.1,33171.3,0.813174,EXP_025_46_04 Secondary Screen Map 1,sPREP407,B,1,0.254422,-0.143735,-0.378119,0.682598,sample,11/11/22 14:52
301,AR_71,2,23629.7,29992.7,0.78785,EXP_025_46_04 Secondary Screen Map 1,sPREP407,B,2,0.216181,-0.185342,-0.388309,0.66985,sample,11/11/22 14:52
302,AR_71,2,24301.4,32625.5,0.744859,EXP_025_46_04 Secondary Screen Map 1,sPREP407,B,3,0.0908195,-0.0503807,-0.110754,0.870556,sample,11/11/22 14:52
303,AR_74,2,9758.07,60619.6,0.160972,EXP_025_46_04 Secondary Screen Map 1,sPREP407,B,4,0.380792,-0.14509,-0.0990191,0.619144,sample,11/11/22 14:52
304,AR_74,2,9801.59,57089.5,0.171688,EXP_025_46_04 Secondary Screen Map 1,sPREP407,B,5,0.157833,-0.086391,-0.0458952,0.789068,sample,11/11/22 14:52
305,AR_74,2,9172.33,56838.9,0.161374,EXP_025_46_04 Secondary Screen Map 1,sPREP407,B,6,0.305626,-0.213746,-0.106598,0.602204,sample,11/11/22 14:52
306,AR_93,2,2661.18,73468.9,0.0362219,EXP_025_46_04 Secondary Screen Map 1,sPREP407,B,7,0.308729,-0.202349,-0.0232084,0.609485,sample,11/11/22 14:52
307,AR_93,2,2591.79,72729.8,0.0356359,EXP_025_46_04 Secondary Screen Map 1,sPREP407,B,8,0.355662,-0.278116,-0.0312865,0.532496,sample,11/11/22 14:52
308,AR_93,2,2945.8,77284.3,0.0381164,EXP_025_46_04 Secondary Screen Map 1,sPREP407,B,9,0.418498,-0.0933875,-0.021521,0.639135,sample,11/11/22 14:52
309,Rho-pci,2,16991.9,168542,0.100817,EXP_025_46_04 Secondary Screen Map 1,sPREP407,B,10,0.285784,-0.302576,-0.085051,0.542412,sample,11/11/22 14:52
310,Rho-pci,2,17583.5,157433,0.111689,EXP_025_46_04 Secondary Screen Map 1,sPREP407,B,11,0.284291,-0.267181,-0.0840498,0.570602,sample,11/11/22 14:52
311,Rho-pci,2,15887.3,165437,0.0960326,EXP_025_46_04 Secondary Screen Map 1,sPREP407,B,12,0.128967,-0.322459,-0.0639838,0.600142,sample,11/11/22 14:52
312,AR_71,3,30815,34297.2,0.898469,EXP_025_46_04 Secondary Screen Map 1,sPREP407,C,1,0.371106,0.0468382,-0.278309,0.763499,sample,11/11/22 14:52
313,AR_71,3,23601.5,32100.8,0.73523,EXP_025_46_04 Secondary Screen Map 1,sPREP407,C,2,0.280349,-0.104329,-0.315771,0.699552,sample,11/11/22 14:52
314,AR_71,3,24341.4,31069.1,0.78346,EXP_025_46_04 Secondary Screen Map 1,sPREP407,C,3,0.165588,-0.154393,-0.296464,0.725477,sample,11/11/22 14:52
315,AR_74,3,9407.57,59118.1,0.159132,EXP_025_46_04 Secondary Screen Map 1,sPREP407,C,4,0.322839,-0.168947,-0.0941682,0.628234,sample,11/11/22 14:52
316,AR_74,3,9978.02,57590.8,0.173257,EXP_025_46_04 Secondary Screen Map 1,sPREP407,C,5,0.228968,-0.0947574,-0.0619588,0.736588,sample,11/11/22 14:52
317,AR_74,3,9121.76,56754.2,0.160724,EXP_025_46_04 Secondary Screen Map 1,sPREP407,C,6,0.2875,-0.161344,-0.0860185,0.651383,sample,11/11/22 14:52
318,AR_93,3,2297.76,72865.2,0.0315344,EXP_025_46_04 Secondary Screen Map 1,sPREP407,C,7,0.244375,-0.252802,-0.0209827,0.60046,sample,11/11/22 14:52
319,AR_93,3,2801.14,71767.2,0.0390309,EXP_025_46_04 Secondary Screen Map 1,sPREP407,C,8,0.350006,-0.214921,-0.0280858,0.581538,sample,11/11/22 14:52
320,AR_93,3,2621.19,72758.1,0.0360261,EXP_025_46_04 Secondary Screen Map 1,sPREP407,C,9,0.349146,-0.176904,-0.0230247,0.610087,sample,11/11/22 14:52
321,Rho-pci,3,16903.6,162338,0.104126,EXP_025_46_04 Secondary Screen Map 1,sPREP407,C,10,0.259145,-0.192556,-0.0582503,0.641263,sample,11/11/22 14:52
322,Rho-pci,3,18168.1,160129,0.113459,EXP_025_46_04 Secondary Screen Map 1,sPREP407,C,11,0.252912,-0.18659,-0.0613043,0.649216,sample,11/11/22 14:52
323,Rho-pci,3,14312.4,160785,0.0890156,EXP_025_46_04 Secondary Screen Map 1,sPREP407,C,12,0.110653,-0.318212,-0.0559934,0.613862,sample,11/11/22 14:52
324,AR_71,4,29980.9,34068.9,0.880006,EXP_025_46_04 Secondary Screen Map 1,sPREP407,D,1,0.270562,0.124963,-0.113896,0.885406,sample,11/11/22 14:52
325,AR_71,4,22691,34017.2,0.667045,EXP_025_46_04 Secondary Screen Map 1,sPREP407,D,2,0.288243,-0.165698,-0.362937,0.647628,sample,11/11/22 14:52
326,AR_71,4,21459.4,31834.9,0.674084,EXP_025_46_04 Secondary Screen Map 1,sPREP407,D,3,0.226805,-0.182738,-0.337794,0.666171,sample,11/11/22 14:52
327,AR_74,4,9093.53,54417.3,0.167107,EXP_025_46_04 Secondary Screen Map 1,sPREP407,D,4,0.263317,-0.18851,-0.0930432,0.642349,sample,11/11/22 14:52
328,AR_74,4,10056.8,55755.2,0.180375,EXP_025_46_04 Secondary Screen Map 1,sPREP407,D,5,0.250024,-0.135049,-0.0803022,0.691947,sample,11/11/22 14:52
329,AR_74,4,9958.02,58743.9,0.169516,EXP_025_46_04 Secondary Screen Map 1,sPREP407,D,6,0.320829,-0.111644,-0.0825244,0.672574,sample,11/11/22 14:52
330,AR_93,4,2427.13,71048.1,0.0341618,EXP_025_46_04 Secondary Screen Map 1,sPREP407,D,7,0.301564,-0.273781,-0.0270646,0.557959,sample,11/11/22 14:52
331,AR_93,4,2688.23,73963.2,0.0363455,EXP_025_46_04 Secondary Screen Map 1,sPREP407,D,8,0.439686,-0.0688479,-0.0198495,0.646775,sample,11/11/22 14:52
332,AR_93,4,2655.3,71004.6,0.0373962,EXP_025_46_04 Secondary Screen Map 1,sPREP407,D,9,0.266744,-0.169262,-0.019627,0.655806,sample,11/11/22 14:52
333,Rho-pci,4,17979.9,167401,0.107407,EXP_025_46_04 Secondary Screen Map 1,sPREP407,D,10,0.278019,-0.231367,-0.0711801,0.601425,sample,11/11/22 14:52
334,Rho-pci,4,17665.9,168999,0.104532,EXP_025_46_04 Secondary Screen Map 1,sPREP407,D,11,0.225697,-0.232912,-0.0624955,0.625838,sample,11/11/22 14:52
335,Rho-pci,4,16317.9,154678,0.105495,EXP_025_46_04 Secondary Screen Map 1,sPREP407,D,12,0.0088487,-0.0542009,-0.00703262,0.937503,sample,11/11/22 14:52
336,AR_71,5,36222.5,35471.1,1.02118,EXP_025_46_04 Secondary Screen Map 1,sPREP407,E,1,0.226706,0.0065791,-0.223321,0.820554,sample,11/11/22 14:52
337,AR_71,5,28184.3,32481.8,0.867695,EXP_025_46_04 Secondary Screen Map 1,sPREP407,E,2,0.236496,-0.18613,-0.450576,0.658207,sample,11/11/22 14:52
338,AR_71,5,26302.9,32605.2,0.806709,EXP_025_46_04 Secondary Screen Map 1,sPREP407,E,3,0.205901,-0.228664,-0.454494,0.639635,sample,11/11/22 14:52
339,AR_74,5,10949.8,57205.7,0.191411,EXP_025_46_04 Secondary Screen Map 1,sPREP407,E,4,0.315269,-0.171315,-0.112392,0.63005,sample,11/11/22 14:52
340,AR_74,5,11560.2,59942.6,0.192855,EXP_025_46_04 Secondary Screen Map 1,sPREP407,E,5,0.441423,-0.108472,-0.118953,0.618505,sample,11/11/22 14:52
341,AR_74,5,11804.4,60908.5,0.193806,EXP_025_46_04 Secondary Screen Map 1,sPREP407,E,6,0.526207,-0.0600187,-0.120868,0.615894,sample,11/11/22 14:52
342,AR_93,5,2787.51,82691.4,0.0337098,EXP_025_46_04 Secondary Screen Map 1,sPREP407,E,7,0.57068,-0.195856,-0.0321333,0.511972,sample,11/11/22 14:52
343,AR_93,5,3257.15,77101.9,0.0422447,EXP_025_46_04 Secondary Screen Map 1,sPREP407,E,8,0.374146,-0.298769,-0.0405389,0.510303,sample,11/11/22 14:52
344,AR_93,5,2859.76,75530.1,0.0378625,EXP_025_46_04 Secondary Screen Map 1,sPREP407,E,9,0.389781,-0.290295,-0.0362818,0.51066,sample,11/11/22 14:52
345,Rho-pci,5,21213.2,187438,0.113175,EXP_025_46_04 Secondary Screen Map 1,sPREP407,E,10,0.402962,-0.202344,-0.0858833,0.568551,sample,11/11/22 14:52
346,Rho-pci,5,20546.7,178055,0.115395,EXP_025_46_04 Secondary Screen Map 1,sPREP407,E,11,0.424614,-0.277411,-0.112111,0.507217,sample,11/11/22 14:52
347,Rho-pci,5,18802.4,162300,0.115849,EXP_025_46_04 Secondary Screen Map 1,sPREP407,E,12,0.085401,-0.329886,-0.0717947,0.617389,sample,11/11/22 14:52
348,AR_71,6,34645,37078.5,0.934367,EXP_025_46_04 Secondary Screen Map 1,sPREP407,F,1,0.569605,0.10399,-0.394075,0.703355,sample,11/11/22 14:52
349,AR_71,6,29684.5,35412.5,0.838249,EXP_025_46_04 Secondary Screen Map 1,sPREP407,F,2,0.542274,-0.13462,-0.655672,0.561106,sample,11/11/22 14:52
350,AR_71,6,26990.7,32903,0.820311,EXP_025_46_04 Secondary Screen Map 1,sPREP407,F,3,0.353233,-0.219363,-0.601697,0.576868,sample,11/11/22 14:52
351,AR_74,6,11527.8,60801.3,0.189599,EXP_025_46_04 Secondary Screen Map 1,sPREP407,F,4,0.544255,-0.0793935,-0.12844,0.596149,sample,11/11/22 14:52
352,AR_74,6,11780.7,62588.6,0.188225,EXP_025_46_04 Secondary Screen Map 1,sPREP407,F,5,0.495193,-0.0983106,-0.123892,0.603059,sample,11/11/22 14:52
353,AR_74,6,12383.7,61503,0.201352,EXP_025_46_04 Secondary Screen Map 1,sPREP407,F,6,0.549133,-0.0250119,-0.118571,0.629377,sample,11/11/22 14:52
354,AR_93,6,3470.17,79637.3,0.0435747,EXP_025_46_04 Secondary Screen Map 1,sPREP407,F,7,0.444324,-0.179642,-0.033143,0.567987,sample,11/11/22 14:52
355,AR_93,6,2740.17,78630.1,0.0348489,EXP_025_46_04 Secondary Screen Map 1,sPREP407,F,8,0.475758,-0.331546,-0.0420876,0.452957,sample,11/11/22 14:52
356,AR_93,6,3127.59,74987.9,0.041708,EXP_025_46_04 Secondary Screen Map 1,sPREP407,F,9,0.335519,-0.17076,-0.0254641,0.620912,sample,11/11/22 14:52
357,Rho-pci,6,22643.5,189294,0.119621,EXP_025_46_04 Secondary Screen Map 1,sPREP407,F,10,0.363589,-0.238376,-0.0945447,0.558543,sample,11/11/22 14:52
358,Rho-pci,6,22024.3,197160,0.111708,EXP_025_46_04 Secondary Screen Map 1,sPREP407,F,11,0.466831,-0.189652,-0.0904972,0.552448,sample,11/11/22 14:52
359,Rho-pci,6,20870.6,184988,0.112822,EXP_025_46_04 Secondary Screen Map 1,sPREP407,F,12,0.236494,-0.211979,-0.0642082,0.637303,sample,11/11/22 14:52
360,AR_71,7,36627.5,35301.6,1.03756,EXP_025_46_04 Secondary Screen Map 1,sPREP407,G,1,0.365602,-0.071544,-0.488514,0.679888,sample,11/11/22 14:52
361,AR_71,7,30225.3,35791.3,0.844486,EXP_025_46_04 Secondary Screen Map 1,sPREP407,G,2,0.32907,-0.165652,-0.500732,0.627769,sample,11/11/22 14:52
362,AR_71,7,30361.1,36632.4,0.828803,EXP_025_46_04 Secondary Screen Map 1,sPREP407,G,3,0.504614,-0.199804,-0.729601,0.531828,sample,11/11/22 14:52
363,AR_74,7,12031.2,61724.8,0.194916,EXP_025_46_04 Secondary Screen Map 1,sPREP407,G,4,0.295799,-0.163533,-0.107035,0.645522,sample,11/11/22 14:52
364,AR_74,7,14337.2,62861.5,0.228076,EXP_025_46_04 Secondary Screen Map 1,sPREP407,G,5,0.350397,0.0513428,-0.0648762,0.778543,sample,11/11/22 14:52
365,AR_74,7,14162.8,63132,0.224336,EXP_025_46_04 Secondary Screen Map 1,sPREP407,G,6,0.303548,0.0368477,-0.0577041,0.795405,sample,11/11/22 14:52
366,AR_93,7,3551.14,84146.1,0.0422021,EXP_025_46_04 Secondary Screen Map 1,sPREP407,G,7,0.516839,-0.163211,-0.0342972,0.551666,sample,11/11/22 14:52
367,AR_93,7,3603.46,81808.8,0.0440474,EXP_025_46_04 Secondary Screen Map 1,sPREP407,G,8,0.418094,0.00103819,-0.0183512,0.705904,sample,11/11/22 14:52
368,AR_93,7,3003.02,81108.2,0.0370249,EXP_025_46_04 Secondary Screen Map 1,sPREP407,G,9,0.45975,-0.0881357,-0.0222461,0.624672,sample,11/11/22 14:52
369,Rho-pci,7,21897.2,192093,0.113993,EXP_025_46_04 Secondary Screen Map 1,sPREP407,G,10,0.348884,-0.197565,-0.0776277,0.594888,sample,11/11/22 14:52
370,Rho-pci,7,23112,195043,0.118497,EXP_025_46_04 Secondary Screen Map 1,sPREP407,G,11,0.373807,-0.162569,-0.0758978,0.609569,sample,11/11/22 14:52
371,Rho-pci,7,21330.3,188473,0.113174,EXP_025_46_04 Secondary Screen Map 1,sPREP407,G,12,0.264401,-0.231601,-0.073054,0.607718,sample,11/11/22 14:52
372,AR_71,8,53241.3,42241.2,1.26041,EXP_025_46_04 Secondary Screen Map 1,sPREP407,H,1,0.603293,0.191983,-0.434923,0.743459,sample,11/11/22 14:52
373,AR_71,8,31445.1,34139.1,0.921089,EXP_025_46_04 Secondary Screen Map 1,sPREP407,H,2,0.495658,-0.192321,-0.784583,0.540016,sample,11/11/22 14:52
374,AR_71,8,29417.9,33397.7,0.880836,EXP_025_46_04 Secondary Screen Map 1,sPREP407,H,3,0.399833,-0.279447,-0.830383,0.514742,sample,11/11/22 14:52
375,AR_74,8,14096.7,55671.5,0.253213,EXP_025_46_04 Secondary Screen Map 1,sPREP407,H,4,0.252507,0.0376924,-0.0524179,0.828493,sample,11/11/22 14:52
376,AR_74,8,17033.2,54176,0.314405,EXP_025_46_04 Secondary Screen Map 1,sPREP407,H,5,0.196156,0.308828,0.0270659,1.09419,sample,11/11/22 14:52
377,AR_74,8,16919.9,48558,0.348446,EXP_025_46_04 Secondary Screen Map 1,sPREP407,H,6,0.313704,0.467263,0.0364671,1.11689,sample,11/11/22 14:52
378,AR_93,8,2507.22,68921.4,0.036378,EXP_025_46_04 Secondary Screen Map 1,sPREP407,H,7,0.336622,-0.222209,-0.026137,0.581908,sample,11/11/22 14:52
379,AR_93,8,2806.2,71137.6,0.0394474,EXP_025_46_04 Secondary Screen Map 1,sPREP407,H,8,0.376142,-0.1991,-0.0283329,0.581989,sample,11/11/22 14:52
380,AR_93,8,3066.55,72888.8,0.0420716,EXP_025_46_04 Secondary Screen Map 1,sPREP407,H,9,0.380173,-0.165161,-0.027482,0.60488,sample,11/11/22 14:52
381,Rho-pci,8,20600.2,162236,0.126977,EXP_025_46_04 Secondary Screen Map 1,sPREP407,H,10,0.199124,-0.0942749,-0.0411327,0.755322,sample,11/11/22 14:52
382,Rho-pci,8,17911.6,159384,0.11238,EXP_025_46_04 Secondary Screen Map 1,sPREP407,H,11,0.255909,-0.297805,-0.0886168,0.559113,sample,11/11/22 14:52
383,Rho-pci,8,17740.9,174729,0.101534,EXP_025_46_04 Secondary Screen Map 1,sPREP407,H,12,0.261805,-0.263141,-0.0723337,0.583972,sample,11/11/22 14:52